{
  "records": [
    {
      "PR ID": "PR349142",
      "Group In Charge": "NIESSCBTSMZOAM",
      "Reported Date": "05.06.2018",
      "Author": "Wang, Lijuan 1. (NSB - CN/Hangzhou)",
      "Author Group": "NIHZSIV2",
      "State": "Closed",
      "Transfer Path": [
        "NIESSCBTSMZOAM"
      ],
      "Transfer times": 1,
      "Solving Path": [
        "NIESSCBTSMZOAM"
      ],
      "Pingpong times": 0,
      "Attached PRs": "PR349762",
      "Attached": "no",
      "Attached To": ""
    },
    {
      "PR ID": "PR349542",
      "Group In Charge": "NIESSCBTSMZOAM",
      "Reported Date": "06.06.2018",
      "Author": "Chen, Jackie 2. (NSB - CN/Hangzhou)",
      "Author Group": "NIHZSIV2",
      "State": "Closed",
      "Transfer Path": [
        "NIESSCBTSMZOAM"
      ],
      "Transfer times": 1,
      "Solving Path": [
        "NIESSCBTSMZOAM"
      ],
      "Pingpong times": 0,
      "Attached PRs": "PR352628",
      "Attached": "no",
      "Attached To": ""
    },
    {
      "PR ID": "PR349759",
      "Group In Charge": "E2E_MZ_OM_HZH",
      "Reported Date": "06.06.2018",
      "Author": "Wang, Lijuan 1. (NSB - CN/Hangzhou)",
      "Author Group": "NIHZSIV2",
      "State": "Closed",
      "Transfer Path": [
        "NIESSCBTSMZOAM",
        "E2E_MZ_OM_HZH"
      ],
      "Transfer times": 2,
      "Solving Path": [
        "NIESSCBTSMZOAM",
        "E2E_MZ_OM_HZH"
      ],
      "Pingpong times": 0,
      "Attached PRs": "PR350326",
      "Attached": "no",
      "Attached To": ""
    },
    {
      "PR ID": "PR349762",
      "Group In Charge": "NIESSCBTSMZOAM",
      "Reported Date": "06.06.2018",
      "Author": "Spurtacz, Marcin (Nokia - PL/Wroclaw)",
      "Author Group": "5GRAN_Productization_QT",
      "State": "Closed",
      "Transfer Path": [
        "ECE_DEV_FOU",
        "NIESSCBTSMZOAM"
      ],
      "Transfer times": 2,
      "Solving Path": [
        "ECE_DEV_FOU",
        "NIESSCBTSMZOAM"
      ],
      "Pingpong times": 0,
      "Attached PRs": "PR349142",
      "Attached": "yes",
      "Attached To": "PR349142"
    },
    {
      "PR ID": "PR350326",
      "Group In Charge": "E2E_MZ_OM_HZH",
      "Reported Date": "08.06.2018",
      "Author": "Wang, Lijuan 1. (NSB - CN/Hangzhou)",
      "Author Group": "NIHZSIV2",
      "State": "Closed",
      "Transfer Path": [
        "NIESSCBTSMZOAM",
        "E2E_MZ_OM_HZH"
      ],
      "Transfer times": 2,
      "Solving Path": [
        "NIESSCBTSMZOAM",
        "E2E_MZ_OM_HZH"
      ],
      "Pingpong times": 0,
      "Attached PRs": "PR349759",
      "Attached": "yes",
      "Attached To": "PR349759"
    },
    {
      "PR ID": "PR352628",
      "Group In Charge": "NIESSCBTSMZOAM",
      "Reported Date": "16.06.2018",
      "Author": "Li, Yuanfa (NSB - CN/Hangzhou)",
      "Author Group": "SRANIVHZ_NEVE",
      "State": "Closed",
      "Transfer Path": [
        "NIESSCBTSMZOAM"
      ],
      "Transfer times": 1,
      "Solving Path": [
        "NIESSCBTSMZOAM"
      ],
      "Pingpong times": 0,
      "Attached PRs": "PR349542",
      "Attached": "yes",
      "Attached To": "PR349542"
    }
  ],
  "total": 6
}