Problem ID,Title,Description,Reported Date,Group in Charge,Feature,State,Severity,Top Importance,Release,R&D Information,Author,Author Group,Attached PRs,Responsible Person,Revision History,Target Build
PR351097,[CBTS18 PT4][MZOAM_REL4]occasional cell didn't setup successful because fault 6253,"[pre-check][CBTS18 PT4][MZOAM_REL4]cell didn't setup successful because fault 6253
 
1.Test-Line Reference/used HW/configuration/tools/SW version:
CBTS configuration: 2controller+2storage+20compute; 1 oam vm+1 ccp vm+1 ces vm+1 ues vm; RAP-1:1ASIA+2ABIA+1FRHF+1FRMF+FXED RAP-2:1ASIA+2ABIA+2FRMA+1FRHF+FXED
2 Controller node;2 Storage node;20 Computer node;ASIA_ABIA_ABIA;RF1.1.1_FRHF;RF1.1.1_FRMA;RF1.2.1_FRMA;RF1.2.1_FRMF;RF1.3.1_FRHF;RF1.3.1_FXED;RF1.4.1_FXED
Cell configuration:
CBTS package version: VNF CBTS18_FSM4_MZ_0700_000308_000000
RCP version:RCP2.0_18.18.0
CBAM version: 18
NetAct version: N/A
NDCS/NCIR version: NCIR 17 (Tis 16.10 + patch21)
2. Test Case name: crash nodeoam 
3. Used Flags: NA
4. Detail Test Steps:
1.trigger nodeoam crash 

5. Expected Result:
after crash rap restart again cell should onair normal
6. Actual Result:
some cell setup fail because 6253
7. Fault Occurrence Rate: 1/8
8. Change since Last Success: N/A
9. Known Condition: N/A
10. Log(s) file name containing a fault: 
\\eseefsn50.emea.nsn-net.net\rotta4internal\HetRAN\BTS\xuhongli\fault 6253
11. Customer impact analysis :customer can't ues scalability function
12. Tester analysis:
2018-06-11T14:47:56.009Z INF/RACOAM/mescom:-- {""msgId"":32810,""msgType"":""FAULT_REQ_MSG"",""receiver"":{""boardId"":224,""cpuId"":64,""cpId"":2},""sender"":{""boardId"":224,""cpuId"":80,""cpId"":4610},""length"":108,""flags"":[0,4],""data"":{""faultId"":6253,""faultyUnit"":1,""faultySubUnit"":57424,""faultyCpid"":5991,""faultState"":1,""faultSeverity"":1,""objectType"":16,""detectingUnit"":224,""detectingSubUnit"":80,""faultInfo"":[2963,1836020306,1819043139,1953326925,1819043139,1970562387,1651460720,778924870,7368803,0,0,0,0,0]}}
2018-06-11T14:47:56.009Z INF/RACOAM/LTEFM:Received FAULT_REQ_MSG {""msgId"":32810,""msgType"":""FAULT_REQ_MSG"",""receiver"":{""boardId"":224,""cpuId"":64,""cpId"":2},""sender"":{""boardId"":224,""cpuId"":80,""cpId"":4610},""length"":108,""flags"":[0,4],""data"":{""faultId"":6253,""faultyUnit"":1,""faultySubUnit"":57424,""faultyCpid"":5991,""faultState"":1,""faultSeverity"":1,""objectType"":16,""detectingUnit"":224,""detectingSubUnit"":80,""faultInfo"":[2963,1836020306,1819043139,1953326925,1819043139,1970562387,1651460720,778924870,7368803,0,0,0,0,0]}} Responding with FAULT_ACK_MSG
2018-06-11T14:47:56.009Z INF/RACOAM/mescom:-- 0x8018 (FAULT_ACK_MSG): {""msgId"":32792,""receiver"":{""boardId"":224,""cpuId"":80,""cpId"":4610},""data"":{""faultId"":6253,""faultState"":1}}
2018-06-11T14:47:56.009Z DBG/RACOAM/syscomDeserializer:toBuffer: Endianness is LE_32 for undefined... Receiver:{""boardId"":224,""cpuId"":80,""cpId"":4610}
2018-06-11T14:47:56.010Z INF/RACOAM/mescom:-- {""msgId"":17642,""msgType"":""RROM_CELL_SETUP_RESP_MSG"",""receiver"":{""boardId"":224,""cpuId"":64,""cpId"":2},""sender"":{""boardId"":224,""cpuId"":80,""cpId"":5981},""length"":40,""flags"":[0,8],""data"":{""transactionId"":5,""localCellResId"":1,""result"":{""status"":1,""cause"":0,""specificCause"":0},""sinrEqId"":16572,""fftFwdEqId"":16578}}
2018-06-11T14:47:56.010Z INF/RACOAM/POOL_FM:Received RROM_CELL_SETUP_RESP_MSG {""msgId"":17642,""msgType"":""RROM_CELL_SETUP_RESP_MSG"",""receiver"":{""boardId"":224,""cpuId"":64,""cpId"":2},""sender"":{""boardId"":224,""cpuId"":80,""cpId"":5981},""length"":40,""flags"":[0,8],""data"":{""transactionId"":5,""localCellResId"":1,""result"":{""status"":1,""cause"":0,""specificCause"":0},""sinrEqId"":16572,""fftFwdEqId"":16578}}
2018-06-11T14:47:56.011Z INF/RACOAM/mescom:-- {""msgId"":17643,""msgType"":""RROM_ANTENNA_CARRIER_ACTIVATION_IND_MSG"",""receiver"":{""boardId"":224,""cpuId"":64,""cpId"":2},""sender"":{""boardId"":224,""cpuId"":80,""cpId"":6055},""length"":24,""flags"":[0,8],""data"":{""localCellResId"":9,""activationSource"":0}}
2018-06-11T14:47:56.011Z INF/RACOAM/LTE:No need for recreate carriers for lcrId: 9
2018-06-11T14:47:56.011Z INF/RACOAM/mescom:-- {""msgId"":17643,""msgType"":""RROM_ANTENNA_CARRIER_ACTIVATION_IND_MSG"",""receiver"":{""boardId"":224,""cpuId"":64,""cpId"":2},""sender"":{""boardId"":224,""cpuId"":80,""cpId"":6079},""length"":24,""flags"":[0,8],""data"":{""localCellResId"":12,""activationSource"":0}}
2018-06-11T14:47:56.011Z INF/RACOAM/LTE:No need for recreate carriers for lcrId: 12
2018-06-11T14:47:56.012Z INF/RACOAM/REDIRECT_API:Start carrier activate for [""/mz/p/v1/pbts/1/fsm/1/axcresblock/29"",""/mz/p/v1/pbts/1/fsm/1/axcresblock/30"",""/mz/p/v1/pbts/1/fsm/1/axcresblock/31"",""/mz/p/v1/pbts/1/fsm/1/axcresblock/32""]
2018-06-11T14:47:56.012Z INF/RACOAM/REDIRECT_API:Start carrier activate for [""/mz/p/v1/pbts/1/fsm/1/axcresblock/41"",""/mz/p/v1/pbts/1/fsm/1/axcresblock/42"",""/mz/p/v1/pbts/1/fsm/1/axcresblock/43"",""/mz/p/v1/pbts/1/fsm/1/axcresblock/44""]
2018-06-11T14:47:56.012Z INF/RACOAM/REDIRECT_API:Start carrier activate for [""/mz/p/v1/pbts/1/fsm/1/axcresblock/9"",""/mz/p/v1/pbts/1/fsm/1/axcresblock/10"",""/mz/p/v1/pbts/1/fsm/1/axcresblock/11"",""/mz/p/v1/pbts/1/fsm/1/axcresblock/12""]
2018-06-11T14:47:56.012Z ERR/RACOAM/POOL_FM:Processing RROM_CELL_SETUP_RESP_MSG: ""specificCause 0 is not bb pool's or cp pool's""[object Object] failed:

41 VM-E050 LINUX-0-RROMexe 2018-06-11T14:47:55.918859Z 14AF-RROM INF/RROM/RromCellMgmtCellSetupJobFsm.cpp#2663 MAC_CellSetupReq sent
42 VM-E050 LINUX-0-RROMexe 2018-06-11T14:47:55.978474Z 14AF-RROM ERR/RROM/RromHumanize.hpp#121 Received failure status in MAC_RachSetupResp with lnCelId: 55513, please contact 'MAC' experts for details  status: 1, cause: 307, specificCause: 1005",12.06.2018,RCPASM_CCS,RC0870 Cloud BTS recovery functionalities,Correction Not Needed,B - Major,"TOP RCLOUDPF CBTS, TOP_CBTS18FP2_Blocker",CBTS18 FSM4,"2018/8/15 s. Rantanen: DQA label removed.
2018/8/1, CCS raised a backlog item to improve syslogQ performace as below. 
https://jiradc.int.net.nokia.com/browse/FCA_ATFRCPHZ5-1247.  Still need DPM and L2 check their queue issue.
2018/7/31: upload em_timer delay 271ms log
2018-07-25: After investigations from Platform, it appears that it is the Timeout timer set in L2 for the RACH setup procedure which doesn't work (it expires 1ms after setting, despite the 400ms setting). 
PF investigation report a problem of ""tick"" cadence.
2018-07-24 Luo Xin: reopened, problem is reproduced, contact Granlund, Jaakko (Nokia - FI/Espoo)  and Li, Yuanfa (NSB - CN/Hangzhou) in case more info.
2018-07-04 pengfuxing: checking why the msg PS_RachsetupResp take too much time.
2018-06-28 pengfuxing: the msg PS_RachsetupResp reach L2 too late, cause the issue.  and from L2's feedback,  the delay should be  caused  the syslog collection process.
2018-06-21 pengfuxing: just take it, and begin to analyse these logs.
21.06.2018:Yaoch Cplane :CBTS18 not contain LTE3621 code, so it's not same problem with PR351570, please MAC continue check why failure status in MAC_RachSetupResp.
20.06.2018 Luo Xin: TOP label added.","Xu, Hongli (NSB - CN/Hangzhou)",NIHZSIV5,< empty >,"Song, Zhikang (NSB - CN/Hangzhou)","2018-08-15 09:27 Rantanen, Samuli (Nokia - FI/Espoo) edited. Changed field(s): R&D Information, 2018-08-15 09:27 Rantanen, Samuli (Nokia - FI/Espoo) Top Importance Value(s) Removed :DQA, 2018-08-06 13:03 Song, Zhikang (NSB - CN/Hangzhou) edited. Changed field(s): Status Log, 2018-08-06 13:00 Song, Zhikang (NSB - CN/Hangzhou) edited. Changed field(s): Status Log, 2018-08-06 12:56 Song, Zhikang (NSB - CN/Hangzhou) State changed from Investigating to Correction Not Needed, 2018-08-06 12:46 Song, Zhikang (NSB - CN/Hangzhou) edited. Changed field(s): Status Log, 2018-08-06 12:44 Song, Zhikang (NSB - CN/Hangzhou) edited. Changed field(s): Status Log, 2018-08-06 12:43 Song, Zhikang (NSB - CN/Hangzhou) edited. Changed field(s): Status Log, 2018-08-06 11:14 Pujar, Shyam (Nokia - IN/Bangalore) The group in charge changed from RCPDPM to RCPASM_CCS. Reason for Transfer: From DPM's timer service POV, there is nothing to be further checked. CCS and L2 needs to co-ordinate on how to proceed further. 
 , 2018-08-06 07:51 Pujar, Shyam (Nokia - IN/Bangalore) edited. Changed field(s): Status Log, 2018-08-06 07:51 Pujar, Shyam (Nokia - IN/Bangalore) Attachment DPM Analysis RE PR351097  CBTS18 PT4  MZOAM_REL4 occasional cell didn't setup successful because fault 6253.msg added., 2018-08-06 07:50 Pujar, Shyam (Nokia - IN/Bangalore) Attachment 06075006593RE  PR351097  CBTS18 PT4  MZOAM_REL4 occasional cell didn't setup successful because fault 6253.msg removed., 2018-08-06 07:50 Pujar, Shyam (Nokia - IN/Bangalore) Attachment 06075006593RE  PR351097  CBTS18 PT4  MZOAM_REL4 occasional cell didn't setup successful because fault 6253.msg added., 2018-08-03 10:37 Xu, Hongli (NSB - CN/Hangzhou) Information request for problem PR351097 responded., 2018-08-03 10:32 Xu, Hongli (NSB - CN/Hangzhou) Info Request for problem PR351097 sent., 2018-08-02 15:37 Mineau, Christophe (Nokia - FR/Lannion) New Information Request for PR PR351097 has been created., 2018-08-01 11:22 Pujar, Shyam (Nokia - IN/Bangalore) edited. Changed field(s): Status Log, 2018-08-01 10:49 Song, Zhikang (NSB - CN/Hangzhou) edited. Changed field(s): R&D Information, 2018-07-31 13:36 Pujar, Shyam (Nokia - IN/Bangalore) edited. Changed field(s): Status Log, 2018-07-31 13:31 Pujar, Shyam (Nokia - IN/Bangalore) Attachment RE  PR351097  CBTS18 PT4  MZOAM_REL4 occasional cell didn't setup successful because fault 6253.msg added., 2018-07-31 11:22 Zhang, Chunhui H. (NSB - CN/Hangzhou) The group in charge changed from RCPASM_CCS to RCPDPM. Reason for Transfer: transfer PR to DPM team for below next investigation
1. focus on em_timer_queue Q implementation long time issue.
2.Another, we need DPM lead different Q implementation longtime analysis based on Q schedule inoformation.
, 2018-07-31 05:59 Zhang, Chunhui H. (NSB - CN/Hangzhou) edited. Changed field(s): R&D Information, 2018-07-31 05:58 Zhang, Chunhui H. (NSB - CN/Hangzhou) Attachment RE why em_timer_queue take 271ms .msg added., 2018-07-31 05:55 Zhang, Chunhui H. (NSB - CN/Hangzhou) edited. Changed field(s): Status Log, 2018-07-30 11:16 Zhang, Chunhui H. (NSB - CN/Hangzhou) edited. Changed field(s): Status Log, 2018-07-28 00:06 Wbts, Pronto Ci (Nokia - Global) New Correction document Correction for CBTS18 CBTS18_FSM3_MZ_0700_xxxxxx_yyyyyy has been created., 2018-07-27 11:33 Pujar, Shyam (Nokia - IN/Bangalore) The group in charge changed from RCPDPM to RCPASM_CCS. Reason for Transfer:  From the logs, its clear that DPM does not get execution slice on time as core is shared between DPM and TRS. Some of CCSRT applications also take more than 5ms ( sometimes 100ms). Both factors affect timer service.  there is no problem with DPM timer service. , 2018-07-27 10:58 Pujar, Shyam (Nokia - IN/Bangalore) edited. Changed field(s): Status Log, 2018-07-26 14:02 Pujar, Shyam (Nokia - IN/Bangalore) edited. Changed field(s): Status Log, 2018-07-26 11:03 Kumar Gupta, Mukesh (Nokia - IN/Bangalore) Additional Value is updated with RCP_ASBTS, 2018-07-25 15:28 Singh, Satish 1. (Nokia - IN/Bangalore) edited. Changed field(s): Status Log, 2018-07-25 15:26 Singh, Satish 1. (Nokia - IN/Bangalore) edited. Changed field(s): Status Log, 2018-07-25 11:19 Mineau, Christophe (Nokia - FR/Lannion) edited. Changed field(s): R&D Information, 2018-07-25 05:40 Lu, Chucai (NSB - CN/Hangzhou) The group in charge changed from RCPTNS to RCPDPM. Reason for Transfer: DPM timer doesn't work well, 2018-07-25 05:37 Lu, Chucai (NSB - CN/Hangzhou) Attachment TNS_analysis_5.txt added., 2018-07-25 05:37 Lu, Chucai (NSB - CN/Hangzhou) Attachment TNS_analysis_5.txt removed., 2018-07-25 05:36 Lu, Chucai (NSB - CN/Hangzhou) Attachment TNS_analysis_5.txt removed., 2018-07-25 05:35 Lu, Chucai (NSB - CN/Hangzhou) Attachment TNS_analysis_5.txt added., 2018-07-25 05:34 Lu, Chucai (NSB - CN/Hangzhou) Attachment TNS_analysis_5_.txt removed., 2018-07-25 05:34 Lu, Chucai (NSB - CN/Hangzhou) Attachment TNS_analysis_5_.txt added., 2018-07-25 05:09 Shi, Xufeng (NSB - CN/Hangzhou)  The state of the problem changed from New to Investigating., 2018-07-25 04:52 Song, Zhikang (NSB - CN/Hangzhou) The group in charge changed from RCPMSG to RCPTNS. Reason for Transfer: Need RCPTNS provide first analysis, 2018-07-25 00:05 Wbts, Pronto Ci (Nokia - Global) New Correction document Correction for CBTS18 FSM4 CBTS18_FSM4_MZ_0700_xxxxxx_yyyyyy has been created., 2018-07-25 00:05 Wbts, Pronto Ci (Nokia - Global) New Correction document Correction for CBTS18 CBTS18_FSM3_MZ_0700_xxxxxx_yyyyyy has been created., 2018-07-25 00:05 Wbts, Pronto Ci (Nokia - Global) New Correction document Correction for CBTS00 FSM4 CBTS00_FSM4_9999_xxxxxx_yyyyyy has been created., 2018-07-25 00:05 Wbts, Pronto Ci (Nokia - Global) New Correction document Correction for CBTS00 CBTS00_FSM3_9999_xxxxxx_yyyyyy has been created., 2018-07-25 00:05 Wbts, Pronto Ci (Nokia - Global) New Correction document Correction for RCLOUDPF2 RCP2.0_18.w.n has been created., 2018-07-24 13:14 Luo, Xin (NSB - CN/Hangzhou) edited. Changed field(s): R&D Information, 2018-07-24 13:12 Luo, Xin (NSB - CN/Hangzhou) Reopened, 2018-07-12 06:20 Suo, Guanghui (NSB - CN/Hangzhou) State changed from New to Correction Not Needed, 2018-07-12 06:13 Suo, Guanghui (NSB - CN/Hangzhou) Attachment MSG-analysis.txt added., 2018-07-12 06:12 Suo, Guanghui (NSB - CN/Hangzhou) Reopened, 2018-07-12 05:45 Suo, Guanghui (NSB - CN/Hangzhou) State changed from Investigating to Correction Not Needed, 2018-07-10 18:20 Xu, Hongli (NSB - CN/Hangzhou) Information request for problem PR351097 responded., 2018-07-10 18:20 Xu, Hongli (NSB - CN/Hangzhou) Info Request for problem PR351097 resent., 2018-07-10 18:20 Xu, Hongli (NSB - CN/Hangzhou) Info Request for problem PR351097 resent., 2018-07-10 06:44 Suo, Guanghui (NSB - CN/Hangzhou) edited. Changed field(s): Status Log, 2018-07-09 10:12 Suo, Guanghui (NSB - CN/Hangzhou) Info Request for problem PR351097 sent., 2018-07-09 10:12 Suo, Guanghui (NSB - CN/Hangzhou) New Information Request for PR PR351097 has been created., 2018-07-09 08:22 Ni, Liang (NSB - CN/Hangzhou)  The state of the problem changed from New to Investigating., 2018-07-09 05:35 Song, Zhikang (NSB - CN/Hangzhou) The group in charge changed from RCPDEV to RCPMSG. Reason for Transfer: Suo Guanghui is checking, 2018-07-09 04:37 Peng, Fuxing (NSB - CN/Shanghai) The state of the problem changed from Investigating to New, 2018-07-07 00:04 Wbts, Pronto Ci (Nokia - Global) New Correction document Correction for RCLOUDPF2 RCP2.0_18.w.n has been created., 2018-07-06 11:47 Brouazin, Bernard (Nokia - FR/Lannion) The group in charge changed from EXT_LTE_ASB_CSH_UPMACPS to RCPDEV. Reason for Transfer: message transmission delay not due to UP application - RCP to check, 2018-07-06 11:27 Brouazin, Bernard (Nokia - FR/Lannion) Attachment MacPS+L2-analysis.txt added., 2018-07-06 11:26 Brouazin, Bernard (Nokia - FR/Lannion) Attachment MacPS+L2-analysis.txt added., 2018-07-04 17:22 Peng, Fuxing (NSB - CN/Shanghai) edited. Changed field(s): R&D Information, 2018-07-03 05:14 Luo, Xin (NSB - CN/Hangzhou) Top Importance Value(s) Added :TOP_CBTS18FP2_Blocker and Removed :TOP_CBTS18FP1_Blocker, 2018-06-28 12:01 Peng, Fuxing (NSB - CN/Shanghai) edited. Changed field(s): R&D Information, 2018-06-21 11:35 Peng, Fuxing (NSB - CN/Shanghai) The state of the problem changed from New to Investigating, 2018-06-21 11:34 Peng, Fuxing (NSB - CN/Shanghai) edited. Changed field(s): R&D Information, 2018-06-21 10:25 Wbts, Pronto Ci (Nokia - Global) New Correction document Correction for CBTS18 FSM4 CBTS18_FSM4_MZ_0700_xxxxxx_yyyyyy has been created., 2018-06-21 10:25 Wbts, Pronto Ci (Nokia - Global) New Correction document Correction for CBTS18 CBTS18_FSM3_MZ_0700_xxxxxx_yyyyyy has been created., 2018-06-21 10:25 Wbts, Pronto Ci (Nokia - Global) New Correction document Correction for CBTS00 FSM4 CBTS00_FSM4_9999_xxxxxx_yyyyyy has been created., 2018-06-21 10:25 Wbts, Pronto Ci (Nokia - Global) New Correction document Correction for CBTS00 CBTS00_FSM3_9999_xxxxxx_yyyyyy has been created., 2018-06-21 10:05 Kowalewski, Patryk (Nokia - PL/Wroclaw) The group in charge changed from NIULSD1 to EXT_LTE_ASB_CSH_UPMACPS. Reason for Transfer: Transfer to internal MAC PS group, 2018-06-21 09:33 Yao, Chuanqi (NSB - CN/Shanghai) edited. Changed field(s): R&D Information, 2018-06-21 07:49 Yao, Chuanqi (NSB - CN/Shanghai) The group in charge changed from EXT_LTE_ASB_CSH_CP to NIULSD1. Reason for Transfer: Not same problem with PR351570, CBTS18 is based on trunk@621389, which not include the problem code introduced by PR351570. Please continue analysis why failure status in MAC_RachSetupResp send by MAC., 2018-06-20 13:00 Schoenfeldt, Olaf (Nokia - DE/Ulm) The group in charge changed from NIULSD1 to EXT_LTE_ASB_CSH_CP. Reason for Transfer: Same issue as in PR351570 and others, please attach and close, 2018-06-20 13:00 Schoenfeldt, Olaf (Nokia - DE/Ulm) The state of the problem changed from Investigating to New, 2018-06-20 12:54 Schoenfeldt, Olaf (Nokia - DE/Ulm) edited. Changed field(s): Status Log, 2018-06-20 12:53 Schoenfeldt, Olaf (Nokia - DE/Ulm) Attachment MAC-PS_WMP_analysis_2.txt added., 2018-06-20 12:49 Schoenfeldt, Olaf (Nokia - DE/Ulm) Problem detached. The problem report was detached from PR349264, 2018-06-20 12:20 Ni, Liang (NSB - CN/Hangzhou) The group in charge changed from RCPMSG to NIULSD1. Reason for Transfer: this issue introduced by RAP respond a message with invalid parameter (invalid transaction ID)., 2018-06-20 05:55 Luo, Xin (NSB - CN/Hangzhou) edited. Changed field(s): R&D Information, R&D Priority, 2018-06-20 05:55 Luo, Xin (NSB - CN/Hangzhou) Top Importance Value(s) Added :TOP_CBTS18FP1_Blocker, 2018-06-19 08:12 Song, Zhikang (NSB - CN/Hangzhou) edited. Changed field(s): Status Log, 2018-06-19 06:24 Song, Zhikang (NSB - CN/Hangzhou)  The state of the problem changed from New to Investigating., 2018-06-15 14:54 Woelker, Bettina (Nokia - FI/Espoo) edited. Changed field(s): Status Log, 2018-06-15 14:54 Woelker, Bettina (Nokia - FI/Espoo) Top Importance Value(s) Added :TOP RCLOUDPF CBTS, DQA, 2018-06-15 13:04 Song, Zhikang (NSB - CN/Hangzhou) The group in charge changed from RCPDEV to RCPMSG. Reason for Transfer: Move to MSG firstly to follow this PR. Need discuss and push WA finalization. , 2018-06-15 13:04 Song, Zhikang (NSB - CN/Hangzhou) The state of the problem changed from Investigating to New, 2018-06-15 00:04 Wbts, Pronto Ci (Nokia - Global) New Correction document Correction for RCLOUDPF2 RCP2.0_18.w.n has been created., 2018-06-14 13:08 Duan, Changchun (NSB - CN/Hangzhou) The group in charge changed from LTE_DEVLN1_FRLN_L2 to RCPDEV. Reason for Transfer: Issue RC is clear now, VM performance was impacted by debug log enable. it is better we can have a final solution about such case. - About PR, our suggestion is pronto can be closed with further improvement based on discuss conclusion , 2018-06-14 12:59 Brouazin, Bernard (Nokia - FR/Lannion) The fault id  FA405909 associated with this PR before attach has been deleted - data is restorable by Pronto Support, 2018-06-14 12:59 Brouazin, Bernard (Nokia - FR/Lannion) Problem attached to PR349264., 2018-06-14 12:59 Brouazin, Bernard (Nokia - FR/Lannion) The state of the problem changed from New to Investigating, 2018-06-14 09:21 Qi, Chengbin (NSB - CN/Hangzhou) The group in charge changed from LTE_DEVCAHZ_CHZ_UPMACPS to LTE_DEVLN1_FRLN_L2. Reason for Transfer: L2 check whether same as PR349264., 2018-06-14 09:21 Qi, Chengbin (NSB - CN/Hangzhou) Attachment MacPs_analyze.txt added., 2018-06-14 09:20 Qi, Chengbin (NSB - CN/Hangzhou) Attachment MacPs_analyze.txt removed., 2018-06-14 09:20 Qi, Chengbin (NSB - CN/Hangzhou) Attachment MacPs_analyze.txt added., 2018-06-13 10:06 Qi, Chengbin (NSB - CN/Hangzhou) The group in charge changed from NIULSD1 to LTE_DEVCAHZ_CHZ_UPMACPS. Reason for Transfer: MacPs internal transfer., 2018-06-13 04:26 Xu, Hongli (NSB - CN/Hangzhou) The group in charge changed from NIHZSIV5 to NIULSD1. Reason for Transfer: from ccp log ：

41 VM-E050 LINUX-0-RROMexe 2018-06-11T14:47:55.918859Z 14AF-RROM INF/RROM/RromCellMgmtCellSetupJobFsm.cpp#2663 MAC_CellSetupReq sent
42 VM-E050 LINUX-0-RROMexe 2018-06-11T14:47:55.978474Z 14AF-RROM ERR/RROM/RromHumanize.hpp#121 Received failure status in MAC_RachSetupResp with lnCelId: 55513, please contact 'MAC' experts for details  status: 1, cause: 307, specificCause: 1005
need mac check., 2018-06-13 04:18 Xu, Hongli (NSB - CN/Hangzhou) edited. Changed field(s): Description, 2018-06-13 00:05 Wbts, Pronto Ci (Nokia - Global) New Correction document Correction for CBTS18 FSM4 CBTS18_FSM4_MZ_0700_xxxxxx_yyyyyy has been created., 2018-06-13 00:04 Wbts, Pronto Ci (Nokia - Global) New Correction document Correction for CBTS18 CBTS18_FSM3_MZ_0700_xxxxxx_yyyyyy has been created., 2018-06-13 00:04 Wbts, Pronto Ci (Nokia - Global) New Correction document Correction for CBTS00 FSM4 CBTS00_FSM4_9999_xxxxxx_yyyyyy has been created., 2018-06-13 00:04 Wbts, Pronto Ci (Nokia - Global) New Correction document Correction for CBTS00 CBTS00_FSM3_9999_xxxxxx_yyyyyy has been created., 2018-06-12 22:26 Kowalewski, Patryk (Nokia - PL/Wroclaw) The group in charge changed from RABLTESWPWRMACPS to NIHZSIV5. Reason for Transfer: I reject this PR. Wrong PR group selected (main MAC PS group is NIULSD1).
Mandatory tester's analysis that points to problem in MAC PS is missing. Why MAC PS SC was selected to this PR?, 2018-06-12 06:23 Xu, Hongli (NSB - CN/Hangzhou) edited. Changed field(s): Title, 2018-06-12 06:20 Xu, Hongli (NSB - CN/Hangzhou) Problem Report created",< empty >
PR351879,"[CBTS18][FSMF]Lcell-10,11,12 can't be on air on RAP2 when using B32+B46 subprofile","*** DEFAULT TEMPLATE for CBTS v1.0 (07.06.2017) - PLEASE FILL IT IN BEFORE CREATING A PR ***
1. Test-Line Reference/used HW/configuration/tools/SW version:
    CBTS configuration: (specify VM and RAP variant and their numbers)
    Cell configuration:(specify cell number, power, bandwidth and etc)
    CBTS package version:(Indicate the CBTS SW version used for testing)
    RCP version:(Indicate RCP version used in tested CBTS SW)
    CBAM version:(Indicate CBAM and CBAM template version used for CBTS deployment)
    NetAct version:(Indicate NetAct version used for testing if any)
    NDCS/NCIR version:(Indicate the NDCS/NCIR version used for testing)
2. Test Case name: (please specify the test case name if pronto is reported when executing relevant test case)
3. Used Flags: (list here or attach swconfig.txt file)
4. Detail Test Steps:
    B32+B46 SCF commission
    CBTS on air
5. Expected Result:
     CBTS should be on air
6. Actual Result:
     Lcell-10,11,12 can't be on air on RAP2 
7. Fault Occurrence Rate: (exact number of attempts and fault occurrences, e.g. 2/7)
8. Change since Last Success: (what was changed since it was tested successfully for the last time. e.g. Build ID)
9. Known Condition: (Description of the fault’s trigger)
10. Log(s) file name containing a fault: (clear indication (exact file name) and timestamp where fault can be found in attached logs)
  \\eseefsn50.emea.nsn-net.net\rotta4internal\HetRAN\FHY\B32B46\PR351879
11. Customer impact analysis.
- Impact to customer:
- Workaround and recovery:
12. Tester analysis: (Analysis of Logs, the reason why select the group in ""Group In Charge"" is specified. It is preferred to list the related requirements ID. in this case. Please also mention the last working build if possible)
*** END OF DEFAULT TEMPLATE ***",14.06.2018,EXT_NIESSCBTSMZOAM,RC0203 Inter-Site downlink carrier aggregation within same VNF,Closed,B - Major,TOP_CBTS18FP1_Blocker,CBTS18,"20.06.2018: cao guorui: issue solved after remove checkstatus from rapprofile, pronto should be transfer to bittium team since it's profile related changes.
19.06.2018 cao guorui: asking tester to remove checkstatus and try again, and clarify with the profile owner.
19.06.2018 cao guorui: it looks like that the checkstatus in rapprofile is not properlly repalced in rapprofile combine procedure, still checking siteoam.
16.06.2018 cao guorui: root cause found, it's caused by incorrect rapprofile which is created by test team since I didn't find that file in our offical sw repository, asking test team to fix it.
15.06.2018 cao guorui: start investigation based on new logs for offical package.
14.06.2018 cao guorui: ask retest with formal package, knife package is not allowed for analysis.
14.06.2018 Luo Xin: TOP label added.","Fu, Hongye (NSB - CN/Hangzhou)",NIHZSIV6,< empty >,"Kangas, Jussi (EXT - FI/Oulu)","2018-07-04 15:40 Kangas, Jussi (EXT - FI/Oulu) The state of the problem changed from First Correction Complete to Closed, 2018-06-28 08:18 Komulainen, Heikki (EXT - FI/Oulu)  has subscribed  to comments, 2018-06-26 09:44 Fu, Hongye (NSB - CN/Hangzhou) The state of the problem changed from First Correction Ready For Testing to First Correction Complete, 2018-06-25 10:03 Zhang, Ke-Kevin (NSB - CN/Hangzhou) The state of the problem changed from Investigating to First Correction Ready For Testing, 2018-06-21 12:28 Xu, Lijie (NSB - CN/Hangzhou) The group in charge changed from MANO_HZH_MZOM to EXT_NIESSCBTSMZOAM. Reason for Transfer: Kangas, Jussi (EXT - FI/Oulu) is fixing it, 2018-06-20 06:15 Cao, Guorui R. (NSB - CN/Hangzhou) edited. Changed field(s): R&D Information, 2018-06-19 11:25 Cao, Guorui R. (NSB - CN/Hangzhou) edited. Changed field(s): R&D Information, 2018-06-19 10:51 Xu, Lijie (NSB - CN/Hangzhou) The group in charge changed from NIHZSIV6 to MANO_HZH_MZOM. Reason for Transfer: OAM will fix, 2018-06-19 09:56 Xu, Lijie (NSB - CN/Hangzhou) The group in charge changed from NIHZSIV6 to MANO_HZH_MZOM. Reason for Transfer: Back to OAM for correction, 2018-06-19 09:55 Cao, Guorui R. (NSB - CN/Hangzhou) The group in charge changed from MANO_HZH_MZOM to NIHZSIV6, 2018-06-19 09:55 Cao, Guorui R. (NSB - CN/Hangzhou) edited. Changed field(s): R&D Information, Development Fault Coordinator, Group in Charge, 2018-06-19 05:37 Cao, Guorui R. (NSB - CN/Hangzhou) The group in charge changed from MANO_HZH_MZOM to NIHZSIV6. Reason for Transfer: tester uses wrong manipulated rap profile, current issue is caused by this incorrect rap file, so transfer to test side to fix this issue., 2018-06-16 08:14 Cao, Guorui R. (NSB - CN/Hangzhou) edited. Changed field(s): R&D Information, 2018-06-15 09:44 Cao, Guorui R. (NSB - CN/Hangzhou) edited. Changed field(s): R&D Information, 2018-06-15 05:43 Fu, Hongye (NSB - CN/Hangzhou) Information request for problem PR351879 responded., 2018-06-15 04:32 Fu, Hongye (NSB - CN/Hangzhou) edited. Changed field(s): Platform Build, Description, Build, 2018-06-15 00:04 Wbts, Pronto Ci (Nokia - Global) New Correction document Correction for CBTS18 FSM4 CBTS18_FSM4_MZ_0700_xxxxxx_yyyyyy has been created., 2018-06-15 00:04 Wbts, Pronto Ci (Nokia - Global) New Correction document Correction for CBTS18 CBTS18_FSM3_MZ_0700_xxxxxx_yyyyyy has been created., 2018-06-15 00:04 Wbts, Pronto Ci (Nokia - Global) New Correction document Correction for CBTS00 FSM4 CBTS00_FSM4_9999_xxxxxx_yyyyyy has been created., 2018-06-15 00:04 Wbts, Pronto Ci (Nokia - Global) New Correction document Correction for CBTS00 CBTS00_FSM3_9999_xxxxxx_yyyyyy has been created., 2018-06-14 11:26 Cao, Guorui R. (NSB - CN/Hangzhou) Info Request for problem PR351879 sent., 2018-06-14 11:26 Cao, Guorui R. (NSB - CN/Hangzhou) New Information Request for PR PR351879 has been created., 2018-06-14 11:23 Cao, Guorui R. (NSB - CN/Hangzhou) edited. Changed field(s): R&D Information, 2018-06-14 10:18 Xu, Lijie (NSB - CN/Hangzhou)  The state of the problem changed from New to Investigating., 2018-06-14 10:14 Lehto, Marja Liisa (Nokia - FI/Espoo) The group in charge changed from NIESSCBTSMZOAM to MANO_HZH_MZOM. Reason for Transfer: Agreed with Xu, Lijie (NSB - CN/Hangzhou), 2018-06-14 09:51 Luo, Xin (NSB - CN/Hangzhou) edited. Changed field(s): R&D Information, 2018-06-14 09:51 Luo, Xin (NSB - CN/Hangzhou) Top Importance Value(s) Added :TOP_CBTS18FP1_Blocker, 2018-06-14 04:52 Fu, Hongye (NSB - CN/Hangzhou) Problem Report created","CBTS00_FSM3_9999_xxxxxx_yyyyyy, CBTS00_FSM4_9999_xxxxxx_yyyyyy, CBTS18_FSM3_MZ_0700_000332_000000, CBTS18_FSM4_MZ_0700_xxxxxx_yyyyyy"
PR351948,[CBTS18][MZOAM_R4][BAT][P7] Cell setup failure after cell block/unblock,"Problem Description
Please help check the issue that cell setup failure after cell block/unblock. Thanks.

[1. Detail Test Steps:]
[1]BAT_TC_DEPLOYMENT
[2]BAT_TC_CELL_ONAIR
[3]BAT_TC_PEAK_TPUT_AFTER_CELL_ON_AIR
[4]BAT_TC_CELL_BLOCK/UNBLOCK  = Failed and cell not on air after unblock.

[2. Expected Result:]
cell should be on air after block/unblcok.

[3. Actual Result:]
cell setup failure after cell block/unblock

[4. Tester analysis:]
Unblock operation:
2018-06-13T05:35:55.566Z DBG/SITEOAM/REST:SERVER: PUT /mz/c/v1/cbts/1/localCell/1/unblock
2018-06-13T05:35:55.594Z DBG/SITEOAM/RUEM:Cell state unblocked

Cell setup failure:
2018-06-13T05:36:05.940Z ERR/RACOAM/POOL_FM:Processing RROM_CELL_SETUP_RESP_MSG: ""specificCause 0 is not bb pool's or cp pool's""[object Object] failed:
2018-06-13T05:36:05.942Z ERR/RACOAM/LTE:Cell setup failed, lcrId: 1, status: 1, cause: 0, specificCause: 0
2018-06-13T05:36:05.954Z ERR/RACOAM/MZ:OperationalError: Cell setup failed, lcrId: 1, status: 1, cause: 0, specificCause: 0
at /opt/nokia/SS_MzOam/cloud-racoam/racoam/src/lte/rromIf.js:632:27
at bound (domain.js:287:14)
at runBound (domain.js:300:12)
at tryCatcher (/opt/nokia/SS_MzOam/cloud-racoam/racoam/node_modules/bluebird/js/main/util.js:26:23)
at Promise._settlePromiseFromHandler (/opt/nokia/SS_MzOam/cloud-racoam/racoam/node_modules/bluebird/js/main/promise.js:510:31)
at Promise._settlePromiseAt (/opt/nokia/SS_MzOam/cloud-racoam/racoam/node_modules/bluebird/js/main/promise.js:584:18)
at Async._drainQueue (/opt/nokia/SS_MzOam/cloud-racoam/racoam/node_modules/bluebird/js/main/async.js:128:12)
at Async._drainQueues (/opt/nokia/SS_MzOam/cloud-racoam/racoam/node_modules/bluebird/js/main/async.js:133:10)
at Immediate.Async.drainQueues [as _onImmediate] (/opt/nokia/SS_MzOam/cloud-racoam/racoam/node_modules/bluebird/js/main/async.js:15:14)
at processImmediate [as _immediateCallback] (timers.js:396:17)

ERR From CCP:
9d VM-E050 LINUX-0-RROMexe 2018-06-13T05:35:43.605333Z 10ED-RROM INF/RROM/RromStateCellStateChange.cpp#629 CSI - Update Cell State Info for lcrId:1, actual state: enabled, isProcessing: yes, operation: cellDeletion
c2 VM-E050 LINUX-0-RROMexe 2018-06-13T05:35:50.623343Z 10ED-RROM ERR/RROM/RromResponseMgr.cpp#392 Timeout while waiting for 0x2209 - MAC_CellDeleteResp, please contact 'MAC' experts for details on why this response didn't arrive
da VM-E050 LINUX-0-RROMexe 2018-06-13T05:35:55.623520Z 10ED-RROM ERR/RROM/RromResponseMgr.cpp#392 Timeout while waiting for 0x2209 - MAC_CellDeleteResp, please contact 'MAC' experts for details on why this response didn't arrive

18 VM-E050 LINUX-0-RROMexe 2018-06-13T05:35:55.858452Z 10ED-RROM INF/RROM/RromCellMgmtCellSetupJobFsm.cpp#2663 MAC_CellSetupReq sent
37 VM-E050 LINUX-0-RROMexe 2018-06-13T05:36:05.858555Z 10ED-RROM ERR/RROM/RromResponseMgr.cpp#392 Timeout while waiting for 0x220b - MAC_CellSetupResp, please contact 'MAC' experts for details on why this response didn't arrive

[5. Log(s) file name containing a fault: (clear indication (exact file name) and timestamp where fault can be found in attached logs)]
Log link: ftp://10.68.138.175/CLOUD_FTP/Logs/CBTS18/CBTS18_FSM4_MZ_0700_000322_000000_BAT_VCP_R4_TRUNK_UHFA_2735_CBTS_180613_133801.zip

[6. Test-Line Reference/used HW/configuration/tools/SW version]
CBTS18_FSM4_MZ_0700_000322_000000
CBTS type: UFHA + VCP

[7. Used Flags: (list here used R&D flags)]
N/A

[8. Fault Occurrence Rate:]
Accasionally.

[9. Test Scenario History of Execution: (what was changed since it was tested successfully for the last time)]
No change excepete build.

[10. Test Case Reference: (QC, RP or UTE link)]
None in QC. 
Coop link: https://coop.int.net.nokia.com/html/dashboard/global/PCIDashboard.html?pci_db_url=hetran%3Bcbts%3Bcbts18_fsm4_mz_0700",14.06.2018,NIHZPDSCI,RC0889 Operability Feature for Cloud BTS 18,Closed,B - Major,< empty >,CBTS18 FSM4,"20.06.2018 Antti Kolivuori: It seems like MAC_CellDelete procedure hangs because Mac PS does not send response to message PS_StopSchedulingCellReq. Timeout occurs after 5 seconds in RROM for cell delete and RROM sends new cell delete. Same happens with that procedure also. Then RROM sends MAC_CellSetupReq to L2, but L2 discards it. because there is already ongoing cell delete procedure for the same cellId. I am now preparing a cellVm lib where debug prints have been added to see if PS_StopSchedulingCellResp is received by L2 or not. Tester said that the timeout issues didn't occur anymore with newer build #348.  We agreed that tester will try to run 5-10 times the same test scenario by using Cell Vm lib where extra prints added. If issue not reproduced anymore then pronto will be closed as FNR.
19.06.2018 Antti Kolivuori: Investigation started","Xian, Xue (NSB - CN/Hangzhou)",NIHZPDSCI,< empty >,"Kolivuori, Antti (Nokia - FI/Oulu)","2018-06-20 13:15 Xian, Xue (NSB - CN/Hangzhou) The state of the problem changed from First Correction Ready For Testing to Closed, 2018-06-20 13:14 Simila, Juha (Nokia - FI/Oulu) The group in charge changed from RABLTESWFOUL2 to NIHZPDSCI. Reason for Transfer: FNR, 2018-06-20 13:13 Simila, Juha (Nokia - FI/Oulu) Correction for CBTS00 FSM4 CBTS00_FSM4_9999_xxxxxx_yyyyyy state changed to Needless., 2018-06-20 13:13 Simila, Juha (Nokia - FI/Oulu) Correction for CBTS00 CBTS00_FSM3_9999_xxxxxx_yyyyyy state changed to Needless., 2018-06-20 13:13 Simila, Juha (Nokia - FI/Oulu) Correction for CBTS18 CBTS18_FSM3_MZ_0700_xxxxxx_yyyyyy_FNE state changed to Needless., 2018-06-20 13:12 Simila, Juha (Nokia - FI/Oulu) The state of the problem changed from Investigating to First Correction Ready For Testing, 2018-06-20 09:25 Kolivuori, Antti (Nokia - FI/Oulu) edited. Changed field(s): R&D Information, 2018-06-19 10:17 Kolivuori, Antti (Nokia - FI/Oulu) edited. Changed field(s): R&D Information, 2018-06-18 09:29 Simila, Juha (Nokia - FI/Oulu)  The state of the problem changed from New to Investigating., 2018-06-18 08:35 Simila, Juha (Nokia - FI/Oulu) The group in charge changed from RABLTESWL2 to RABLTESWFOUL2. Reason for Transfer: internal, 2018-06-15 12:39 Xian, Xue (NSB - CN/Hangzhou) edited. Changed field(s): Description, 2018-06-15 12:29 Xian, Xue (NSB - CN/Hangzhou) The group in charge changed from NIHZPDSCI to RABLTESWL2, 2018-06-15 12:29 Xian, Xue (NSB - CN/Hangzhou) edited. Changed field(s): Development Fault Coordinator, Group in Charge, 2018-06-15 00:04 Wbts, Pronto Ci (Nokia - Global) New Correction document Correction for CBTS18 FSM4 CBTS18_FSM4_MZ_0700_xxxxxx_yyyyyy has been created., 2018-06-15 00:04 Wbts, Pronto Ci (Nokia - Global) New Correction document Correction for CBTS18 CBTS18_FSM3_MZ_0700_xxxxxx_yyyyyy has been created., 2018-06-15 00:04 Wbts, Pronto Ci (Nokia - Global) New Correction document Correction for CBTS00 FSM4 CBTS00_FSM4_9999_xxxxxx_yyyyyy has been created., 2018-06-15 00:04 Wbts, Pronto Ci (Nokia - Global) New Correction document Correction for CBTS00 CBTS00_FSM3_9999_xxxxxx_yyyyyy has been created., 2018-06-14 13:33 Schoenfeldt, Olaf (Nokia - DE/Ulm) The group in charge changed from NIULSD1 to NIHZPDSCI. Reason for Transfer: PR is rejected. PR description is not following Golden Standard and it is unclear, why PR is transferred to MAC-PS. There is no hint in PR description, what should be checked by MAC-PS and why. MAC PS is not handling any MAC_CellSetup messages., 2018-06-14 13:14 Xian, Xue (NSB - CN/Hangzhou) The group in charge changed from NIHZPDSCI to NIULSD1, 2018-06-14 13:14 Xian, Xue (NSB - CN/Hangzhou) edited. Changed field(s): Development Fault Coordinator, Description, Group in Charge, 2018-06-14 11:58 Bobrowski, Wojciech (Nokia - PL/Wroclaw) The group in charge changed from RABLTESWPWRULPHY to NIHZPDSCI. Reason for Transfer: Transfer back to tester. Issue still not described according to Golden Standard. And still tester analysis suggests that MAC PS should be asked for comments, so why the issue is reported to ULPHY? Please correct this., 2018-06-14 11:43 Xian, Xue (NSB - CN/Hangzhou) edited. Changed field(s): Description, 2018-06-14 11:33 Xian, Xue (NSB - CN/Hangzhou) The group in charge changed from NIHZPDSCI to RABLTESWPWRULPHY. Reason for Transfer: not replying in tester's email loop., 2018-06-14 11:22 Bobrowski, Wojciech (Nokia - PL/Wroclaw) The group in charge changed from RABLTESWPWRULPHY to NIHZPDSCI. Reason for Transfer: Transfer rejected back to tester because of a few reasons:
1) Golden standard not kept: *** DEFAULT TEMPLATE for CBTS v1.0 (07.06.2017) - PLEASE FILL IT IN BEFORE CREATING A PR ***
2) PR raised on NOt released build, which is not acceptable:
https://wft.int.net.nokia.com/C_BTS:CBTS/CI_FSM4/builds/CBTS18_FSM4_MZ_0700_000322_000000#build=0&build_inner_content=4&tab_releases=2
3) In tester analysis it is shown that MAC PS messages are not arriving but issue is raised against ULPHY. I do not understand logic behind this., 2018-06-14 09:55 Xian, Xue (NSB - CN/Hangzhou) Problem Report created","CBTS00_FSM3_9999_xxxxxx_yyyyyy, CBTS00_FSM4_9999_xxxxxx_yyyyyy, CBTS18_FSM3_MZ_0700_xxxxxx_yyyyyy_FNE, CBTS18_FSM4_MZ_0700_000348_000000_FNR"
